median_age,life_expectancy,total_cases_per_million,gdp_per_capita,hospital_beds_per_thousand,people_fully_vaccinated_per_hundred,stringency_index,continent_Asia,continent_Europe,continent_North America,continent_Oceania,continent_South America
0.13050568418427938,0.48554535152666206,-0.8821836679700412,-0.5158549627400697,0.4610697725039391,0.28880263414983964,1.0636808790139987,True,False,False,False,False
-0.34727551439007787,-0.09424460034382194,-0.1964078340922886,-0.3376255308042186,-0.2048942240448687,0.19366865939210587,0.06358646525565192,False,False,False,True,False
0.5379702545963795,0.006784078426704368,0.22244203679502303,0.07298828170495769,0.40521468103954644,1.1963269668181455,-1.065335912504333,False,False,False,False,False
-1.4034666081314109,-1.419186959949201,-0.943809534629973,-0.8684419574613698,-0.38964549525154274,-1.0011847502188256,1.3827997498783688,False,False,False,False,False
-0.6581321782181048,0.12383832461114935,-1.0111755212082008,-0.7674121009792396,-0.8107065915118333,1.44923671145229,-3.957511642873243,False,False,True,False,False
-1.149316731219363,-0.7744883532706213,-0.9920960856250063,-0.856669041714455,-0.9567890241614536,-0.01704704008918075,1.1944467188539858,True,False,False,False,False
-0.39387821294456554,-0.8087339451598122,-0.6639021963848926,-0.5224780836060479,-0.41542477217501395,0.5142110225336408,1.4170864825535443,False,False,False,True,False
-0.28531039312808987,0.06142858832726335,-0.7393468485533333,-0.17362523009518274,-0.7935204410420317,0.2463802400504192,0.15400267456936542,False,False,True,False,False
0.9906971291240431,0.45188630999562546,0.6285700335568719,0.5812824596256354,1.1657026588285693,-0.30850357145676155,-0.47692007407188247,False,True,False,False,False
-0.7714429019486022,-0.31639446899272916,-1.0012030818994866,-0.39008886576263263,-0.7720377529547795,-0.8976447320227754,0.06358646525565192,False,False,False,False,False
0.7325264622034501,0.8598617520620004,1.0167394960176186,-0.3376255308042186,-0.2048942240448687,0.19366865939210587,0.06358646525565192,False,False,True,False,False
-1.0985899992466417,-0.7806466456710777,-0.941168306680264,-0.9231329964771793,-1.0642025670352515,0.022909545545346674,-0.8222226686228638,True,False,False,False,False
0.07905703496019505,0.08079545006997174,-0.6344664328831446,-0.17228223144191415,0.35365622963014126,-0.4743858387404133,2.1684263315992847,True,False,False,False,False
-1.3499560405252666,-1.0825712539102912,-1.003120490114665,-0.8285388863342078,-0.2048942240448687,-2.0727681601781267,0.09606972130592688,False,False,False,False,False
0.8463526163659345,0.9668191612354302,0.739088403161914,1.0893382855330755,-0.18770802235629844,0.7202780487115608,0.0378817541503048,False,True,False,False,False
-0.2495335035323433,0.21293269766990824,-0.859214979123978,-0.7054174884464626,-0.9138235967681808,0.218800966694632,1.388362958346135,False,False,False,False,False
-1.0124985647004725,-0.7367117865885608,-0.9265603652798535,-0.302309102555143,-0.38964549525154274,-2.083587218191402,0.591057429589958,False,False,False,False,False
0.47920135264422653,0.672863077928224,-0.45263758730791576,-0.1900848280042508,0.018525988156396597,-0.5616116225909505,-0.1241198413484648,False,True,False,False,False
0.9235767202716209,0.9891178020485817,-0.4293430428016269,1.2580681193372707,-0.13614957094689306,1.0442572853034782,0.949685074363132,False,False,True,False,False
1.4154829938701288,0.9037333843231573,1.1634670529684603,1.4995689602883162,2.0164179265840514,0.7715050318044255,0.160412483210731,False,True,False,False,False
0.20834885523986804,-0.10472468916431116,-0.21372401329141802,-0.08223889038417372,-0.7591480888836597,-1.1984245238032967,0.06358646525565192,False,False,True,False,False
-1.4393467411368457,-0.9503950974972102,-1.0023842360805773,-1.0163311341311143,-0.6689207476984321,-1.6331700850215638,-0.4766639114684721,False,False,False,False,False
-1.5050235121406554,0.20858463780100284,-0.3646096822877865,-0.3376255308042186,-0.2048942240448687,0.19366865939210587,0.06358646525565192,False,False,False,False,False
1.325783152991826,0.06921910543913434,-0.08332544925669794,0.32946561448473216,2.2956929741558665,-1.2117025384954168,-0.8309827404327289,False,True,False,False,False
-1.0886920043962993,-1.0512447957272715,-0.99817979257688,-0.7924378726256521,-0.9310097728473667,-1.1204962183246086,-0.023488143101478155,False,False,False,False,False
1.0483321234566483,1.0736228805969388,1.2898116861634097,1.8276555458844288,-0.18770802235629844,0.33817370557949833,0.016234291095370935,False,True,False,False,False
1.7469604147516649,0.9364751505843107,2.1299034819956284,-0.3376255308042186,-0.2048942240448687,0.19366865939210587,0.06358646525565192,False,False,True,False,False
-1.296754613185846,-1.3289705539913856,-1.0123000831825228,-1.015389406738372,-1.0899818183493384,-2.1694673727524902,-0.6541857443424205,False,False,False,False,False
1.168962903261101,0.15359578490411444,1.4375375745859373,0.8640229578410195,1.2258541854728753,0.3842199039076375,-0.8496355133213488,False,True,False,False,False
-0.5530699146323019,-0.4561811892568876,-1.0231206201678804,-0.313102940019593,0.3192838262530007,0.2266806524150009,0.7660325696757498,True,False,False,False,False
-0.3723296417826579,-0.2285870049287268,-0.8719238712571351,-0.6783549363349841,-0.544321003136064,0.3845611755588764,1.900720329079284,True,False,False,False,False
-1.0897230619143865,-0.10913597585457648,-0.2494296581427307,-0.7934788377379499,-0.2048942240448687,0.6867890659676289,0.35721428530272287,False,False,False,True,False
-1.2635552690582597,-1.5575588584953903,-1.0185059198772672,-0.9558492200288818,-0.2048942240448687,0.08425727545675646,-0.004387372834699109,False,False,False,False,False
-1.1551937394070468,-0.24746945194778533,-0.6441106612136481,-0.7663942047927578,-0.2048942240448687,1.0819926185289812,0.06358646525565192,False,False,False,True,False
0.23649595853259486,0.5363787431797107,0.31299348996577936,-0.3376255308042186,-0.2048942240448687,0.2782767974420567,0.06358646525565192,False,False,False,True,False
-1.2396354425934548,-1.267593846696488,-0.9927764692587512,-0.8424262183542228,-0.6560310836273122,-1.650956794541825,1.1055881619627985,False,False,False,False,False
-0.45140996386748256,0.12369825288382891,-0.6872253452810079,-0.5641326992230432,0.2763184500784964,-1.7972499372792305,1.7635768445122622,False,False,False,False,False
-1.105497868298298,-1.4739720279372448,1.158960857068808,-0.5688849786016993,-0.2048942240448687,1.6665079450784548,0.06358646525565192,False,False,False,True,False
0.6624161242064558,0.5721534514254831,0.42556018261622097,2.0337494574158903,-0.07599794186505016,0.41720861842665147,0.7094734750386686,False,False,True,False,False
1.3823868931522314,1.0926833354361338,0.369670170567828,3.430565494795568,-0.2048942240448687,0.6827906974349505,-0.42370372910260884,False,False,True,False,False
-0.40965301932847786,0.3079684464958426,-0.42905661623593977,-0.6770784019994509,-0.27793541476029454,0.06003555295133352,0.6785168562078153,False,False,False,False,False
1.0161638368471488,0.9775920388748323,0.9935425317040487,1.5323279641950174,1.1012544921292757,0.9111556314984832,-0.468431098111364,False,True,False,False,False
-0.459761274113638,-0.17145622186822998,-0.9991404872725675,-0.6522477684606612,0.8735376910917917,-0.22924597556304738,-0.5168044765516051,True,False,False,False,False
-1.1614829346170288,-0.3930321855232548,-0.8641770180239118,-0.9866376557239407,-0.2048942240448687,-1.1185348945683555,-0.782109672609156,False,False,False,True,False
0.8713033036947125,1.1166531097738446,0.11172721530199235,1.50559608013033,0.5298144768206831,1.3724582762219215,-0.3609461886897555,False,True,False,False,False
0.16401436523270316,0.21158158913346314,-0.21751060310319525,-0.35071690422300505,0.06578790194835114,-1.0825810257153445,0.06358646525565192,False,False,True,False,False
-1.4154267180179272,-2.4749975453937725,-1.0173922715778327,-0.7536757453994202,-0.2048942240448687,-0.9486715199822622,-0.25013461155750427,False,False,False,False,False
0.29010976954842743,0.2023884093077305,1.3690373316325746,-0.3376255308042186,-0.2048942240448687,1.8376949881012792,0.06358646525565192,False,False,False,True,False
0.9172877217157528,0.11090989872353824,-0.5047508153972312,0.11551778230049226,2.970250302033418,0.522699550934766,-2.4435964002797577,False,True,False,False,False
-1.0650813181982184,-0.8627413232451289,0.9211636674238152,-0.7860927484478717,-0.2048942240448687,0.19366865939210587,0.06358646525565192,False,False,False,True,False
-0.7580393508675876,0.45856695321254765,-0.2807355843046815,-0.6906532146031241,-0.6216587826877088,-0.7701732698725299,-0.189824974767366,True,False,False,False,False
0.6678803554095,0.7175634679093601,0.2917766860629893,-0.3376255308042186,-0.2048942240448687,0.6619645180550939,0.06358646525565192,False,False,True,False,False
0.27103550044499175,-0.4385097790469537,-0.000851292205116733,1.849901088501981,-0.2048942240448687,0.4709086131441007,-1.5142189470195737,False,False,True,False,False
1.2060801872957718,0.3468548870728518,0.08370845013212289,0.5964752024687434,1.6211360560284633,0.26614232827267326,-0.7837305041491144,False,True,False,False,False
-0.6516366928428602,-0.2555401125142972,-0.9619496302729886,-0.7927118967802957,0.3751389177173934,-1.661000897984384,0.40911420720693964,True,False,False,False,False
-1.2952081252357723,-1.2605304380302562,-1.001279587640584,-0.9704887422030244,-0.2048942240448687,-1.4064394776173117,0.06358646525565192,False,False,False,False,False
-1.7524716135121954,-6.970686205852618,-1.0085839831016281,-1.0379312257480136,-0.7978169786594821,-0.4078992692929693,-2.3750171913732765,False,False,False,False,False
1.0650347439489591,0.5961864525845537,1.1658555673523983,0.6172372357030574,0.5470006272904848,0.25787648291810944,-1.3533729550142106,False,True,False,False,False
-0.9038276981284223,-0.920854553837526,-0.836710910712198,-0.9493086855140218,-0.42831438502736524,0.19366865939210587,-2.2125859778759636,False,False,False,True,False
-0.2007656431861078,0.0014671891104992417,-0.6639463227220412,0.4018379970463302,1.5824671150338723,-0.21861648363043493,1.0667801019018839,True,False,False,False,False
0.10782281209459671,0.421759215977787,-0.6155585772404841,-0.36175909561258507,-0.4326109226448157,0.3254491482975796,2.085985624328043,True,False,False,False,False
0.9865728990516958,0.565013684213455,-0.1703139817240859,0.7809175558921223,1.3676400292862767,0.04923300949930246,-0.3746353803706084,False,True,False,False,False
-0.493373001917636,-0.19402333349207904,-0.8692189770150197,-0.6019103237428205,-0.7075895862554858,0.5268185723922777,-0.17103091039794313,False,False,True,False,False
-0.4823409027936324,-0.25325811062336834,0.405785843562272,-0.3882511757735985,2.458961608494057,0.2858225464359944,0.024434940538150044,True,False,False,False,False
1.4961100005591406,0.9820169436496982,1.5811748529335365,0.6588466410650884,0.26772537484359554,1.2078261085183946,0.11733006867768259,False,True,False,False,False
-0.8340266970522654,-0.09896132121727212,-0.8068794069122037,-0.8118385165945087,-0.9997544515547265,-0.09175478651676007,2.528012001534985,False,False,True,False,False
0.7641791217268501,1.3755854249289685,1.3829689609806148,-0.3376255308042186,-0.2048942240448687,0.19366865939210587,0.06358646525565192,False,False,True,False,False
1.1579310007912107,0.988378534598835,0.2810959121353275,1.2339633503558842,-0.10607380762474024,0.8794886967828662,-1.290294924169289,False,True,False,False,False
0.5594157790027126,-0.4683061481530634,1.8095314459335283,-0.3376255308042186,-0.2048942240448687,1.3455430551306238,0.06358646525565192,False,False,False,True,False
-1.3522242490725895,-1.473487613213595,-1.0159188513261888,-1.0158433191097747,-0.544321003136064,0.5009018673523663,0.32264037482103297,False,False,False,False,False
-0.7117459892339381,-0.7722579055571089,-0.5430161704705903,-0.6159488540196254,-0.5872864305293368,-0.3083603866970397,-0.059809243357989636,False,False,False,False,True
-1.4747110504020666,-0.6643316669363795,-0.9604391462898111,-0.8160990689137061,-0.2048942240448687,-1.1609867162104182,-0.8187179506721809,False,False,False,False,False
0.6396302053611985,0.8278096445138344,1.0791188300489676,2.206648313946382,-0.2048942240448687,1.1739479794642982,0.06358646525565192,False,False,True,False,False
-0.4101686464145781,0.09173466288556684,-0.7415466600645865,-0.08317140734696278,-0.90523052153328,-0.15127739388047448,0.2862537980246367,False,False,True,False,False
-0.20849827959058767,0.7436615543260787,0.11347538358792529,0.4192226104842682,-0.38964549525154274,0.6236683046511706,0.9073079685228791,False,False,True,False,False
0.9938935450879918,0.7080522085361707,1.5937693944741866,-0.3376255308042186,-0.2048942240448687,-0.33086419953773716,0.06358646525565192,False,False,False,False,True
-0.040439837224709986,0.891902186966223,-0.5247874729692543,1.794737640635569,-0.42401784740991466,1.6504554401756364,0.18487543748071808,True,False,False,False,False
0.22350498778210556,0.6753240603596178,-0.32764898395776654,0.821572585274245,-0.2263769633508894,0.6534779661307134,0.7269832802573664,True,False,False,False,False
-0.9849699385953069,-0.24592671750660325,-1.0147652257611333,-0.8874110471632803,0.5083316862958939,-0.3092484835809595,-1.8744053929264992,True,False,False,False,False
1.0228654157335433,0.9943841099076989,1.7755261837737728,1.8661622613848006,-0.183411484738848,0.9572417985785695,-0.9304760658546989,False,True,False,False,False
-1.1540596351333847,-0.8938382194305957,-0.9708886121106435,-0.9400001218829925,-0.2048942240448687,-0.45811671198638304,0.06358646525565192,False,False,False,False,False
0.6409705998001227,1.1825169759446394,1.142293873151827,1.4066242581760369,0.41380775627444727,1.0800394202882335,0.5576115535322521,False,False,False,True,False
-1.0795157301432063,-1.185843025758602,-0.7374825215713224,-0.6592217628486644,-0.2048942240448687,-1.7113539269824793,-0.938040329278246,False,False,False,False,False
1.0526624470401447,0.5275551970788513,-0.5413904557598342,-0.3376255308042186,0.6329313796394934,1.4437774630750986,0.660285660339158,False,False,True,False,False
0.8017085927838185,-0.12416742309265145,-0.2049289287546242,0.6385075919111192,1.698473733142571,-0.14418149099361416,-0.1952882453584665,False,True,False,False,False
0.6005538530459287,0.46991470856616074,-0.06747493411889426,-0.3376255308042186,-0.2048942240448687,-0.45719237969547866,0.06358646525565192,False,False,True,False,False
0.45899317592124317,1.0322628122242639,1.6339832442291198,1.695962630495929,-0.011549877603293684,0.8914751937266354,-1.5301814382167807,False,True,False,False,False
1.1930892165452824,0.7948645797040007,2.0454047751122664,-0.3376255308042186,-0.2048942240448687,0.9261979371762701,0.06358646525565192,False,True,False,False,False
0.43311388786761174,0.37954509915658863,0.4485264463074946,0.2393216090234314,-0.17911494712139758,1.211612423057227,-0.6679036538039228,False,False,False,False,True
1.3687772485600667,0.19807925825196968,0.38051888766050745,0.8356896386254616,-0.2048942240448687,0.19366865939210587,-0.6691982513556832,False,False,True,False,False
0.6909758078297084,1.0912680273580002,0.6189353288618441,3.8322235631322275,0.044305213861098994,0.9456425153899256,-0.028331109630510706,False,True,False,False,False
2.94667164720651,1.2550887215015578,-0.780689997705278,-0.3376255308042186,-0.2048942240448687,0.19366865939210587,0.06358646525565192,False,True,False,False,False
1.3113487410468385,1.264013430516593,1.6093107621680969,-0.3376255308042186,-0.2048942240448687,0.19366865939210587,-0.9246475050937157,False,True,False,False,False
1.7788195610944406,1.3467199491773425,0.2704569446235661,0.8203110538065501,4.1818749345298105,1.0863975263671768,-0.3033900127084625,True,False,False,False,False
1.2763966188039153,0.25327238241786704,0.7856349204237464,0.027134677956278948,1.2559300512325655,-0.42866518809296755,-0.685048168852737,False,True,False,False,False
-0.001982355405228633,-0.073207577796883,2.659129178873128,2.181699028694742,0.31069075101809984,1.7598266357505112,-0.41193518259171574,True,False,False,False,False
-0.17880449169367413,-0.32724419153809176,-0.9059471474858014,-0.48621933813374035,-0.6388449331575106,0.20725425778739567,1.4718535876779861,True,False,False,False,False
0.5083797101091538,-0.020461817977778907,-0.41079563117083656,0.23607485936629227,-0.20919081288108765,-0.43785620025083916,1.1798351120586141,False,False,True,False,False
0.4362072570759859,0.7248053707558927,0.30047921291698326,0.16267268318269543,-0.39394203286899326,1.4271357924155585,1.085114681780888,False,False,False,False,True
1.950589849856254,0.41358641977677063,0.9066094860129128,-0.3376255308042186,-0.2048942240448687,0.3397570830604731,0.06358646525565192,False,False,False,False,False
-1.3584103975269968,-0.9939992316679982,-1.0169221646493805,-1.0069501877123086,-0.9438993856997181,-1.355558290111346,-1.6771751215471926,False,False,False,False,False
0.7585084037044287,0.2785553291992069,0.8260442175646842,-0.18196351752951534,1.5223155883895663,-0.13671963245705998,0.638969026117326,False,False,True,False,False
-0.050234588665364246,0.5268159296291046,-0.2594368417400642,-0.4347677288274553,-0.2048942240448687,-0.43938340187056085,0.7090898054891674,False,True,False,False,False
0.7609827057629006,1.1104179724674277,1.917641450282094,4.221977420463242,0.46966284773884,-2.2942339605951534,-0.6939139220953993,False,True,False,False,False
-0.2107666847920238,-0.890625324185183,-0.9658700388823888,-0.865921052196489,-0.7677411641185605,0.387462204202937,2.6396540968836724,True,False,False,False,False
1.5967390904599865,1.557611552742869,2.5233370131861452,1.8463597664075004,0.21187028337920288,0.494016261591135,-0.7961974670854474,False,True,False,False,False
1.433319915290215,0.7567689607541548,0.8257553993276071,0.741796045452699,-0.2048942240448687,0.19366865939210587,-0.033226916875940926,False,False,True,False,False
0.22793835812117658,0.17602282480064305,-0.15826804176691361,-0.27221496288307756,-0.1447426461817941,1.1303064945087904,0.7270154441716954,False,False,False,False,True
-0.22777864220517285,1.1886752683450958,1.521003366429312,0.871187230536714,0.12164299341274383,0.5322312198400011,0.06489140120844669,True,False,False,False,False
0.4123900840585281,-0.30735497897891756,0.12514788797423598,-0.30992031552337573,0.4782559229737408,-0.5343723910786501,-0.3684909240224598,False,False,True,False,False
1.1894806135590363,0.9950591778157571,2.1872363415602845,1.5505112786938962,1.6512117169130793,0.6894704860845081,0.8026224683591578,False,True,False,False,False
-1.5513168737743057,-1.3361356119319578,-0.9888548499852932,-1.0218622972745175,-0.9095270591507304,0.319972550846741,0.13481230482695508,False,False,False,False,False
-0.7257680175025135,-0.8465367752907452,0.38292983592208524,-0.843780872461269,-0.2048942240448687,1.6209374188201902,0.06358646525565192,False,False,False,True,False
-0.35366795300974796,-0.03027948425448186,-0.3897214187163286,-0.29175990862915324,0.00563627286650804,-0.8722247375496422,1.4452551792387707,False,False,False,False,True
-1.5421407961753262,-0.7415948426382041,-1.0057076643776193,-0.9648973608955321,-0.2048942240448687,-1.3363162348814563,1.384436663375492,False,False,False,False,False
-1.6695764966029178,-1.6693346378166094,-1.0213081564364652,-1.009343876119024,-1.1071679816238322,-1.597398491246113,-2.696421997577489,False,False,False,False,False
0.8882124110064,0.4021501468732537,-0.10792201966779687,-0.08427008510409018,0.8090895243924981,-0.5482939465988214,0.06358646525565192,False,True,False,False,False
0.04152736724911298,0.15359578490411444,-0.5979345899334395,-0.3376255308042186,-0.2048942240448687,0.19366865939210587,0.06358646525565192,False,False,False,True,False
-1.4441924951523288,-1.0470251349417432,-0.9400729977170493,-0.9306859624242413,-0.2048942240448687,-0.5407423999397664,-1.381920726404034,False,False,False,False,False
1.0500847049178708,0.3428511702002758,0.2306023239114372,0.8697150136346444,-0.2048942240448687,0.24015899400561547,0.06358646525565192,False,False,True,False,False
-0.09859006533518813,0.9266701296718798,0.6807414749278242,-0.13254253831908833,0.7317518472783904,0.6789404328930033,0.06358646525565192,True,False,False,False,False
0.4004303674802393,0.6425696487341924,0.5316915572236968,-0.3376255308042186,-0.2048942240448687,0.19366865939210587,0.06358646525565192,False,False,False,True,False
-0.6177156281180244,-0.4593435030452123,-0.5834646431888991,1.8283921382989423,0.16460836958724814,-0.49338562184311685,1.187371806412736,False,False,False,False,True
0.8143904232675848,0.22949423398489333,-0.6611613888051822,-0.18597702665800406,-0.20059763520864973,0.7259997292787337,0.024655493093551827,True,False,False,False,False
-1.4130552660609161,-2.0767497929737035,-1.014929476663859,-0.3376255308042186,-0.2048942240448687,-0.8458352592724159,-0.3061377299611764,False,False,False,False,False
-0.34810028174290186,-1.0247770755856795,-0.7107777358798711,-0.5222637281152934,-0.2048942240448687,-1.0674391056096286,0.13689147214610886,False,False,False,False,False
0.3789848430739063,-0.40520772587651854,-0.3468485565432292,0.18223376104472624,0.4825524605911913,-0.011184941829728588,0.06358646525565192,False,False,True,False,False
-1.4611014058099026,-0.8430943180477796,-1.0198937471845335,-0.9304714657774723,-0.8665616573668418,-0.3656354764718786,-3.5014732861309295,False,False,False,False,False
-1.6418416786595462,-2.4938031475068705,-1.0157760149707562,-1.0256195830300618,-0.8536720189051062,-0.6572177556821235,-1.6219542754884602,False,False,False,False,False
-0.715457638975759,-0.4340479108996005,-0.861510218323699,-0.8753981056960976,-0.9954578883278918,1.0681924186809302,1.0598706038771863,True,False,False,False,False
-0.5413160949110483,-0.14952721477995182,-0.5025366060242092,-0.41081516636010595,-0.7806308281896804,-0.241997105476755,0.11481209367017804,False,False,False,False,True
-0.34150174961208224,0.3362853079821301,-0.9944651968572898,-0.4436209534030772,-0.5357279279011631,-1.922868825815883,0.7050015422356511,False,False,False,False,False
-1.3723293790399982,-1.100586034396226,-1.000211493506118,-0.9575457035904458,-0.7505550136487588,-1.650572040402204,-1.2444245874906135,False,False,False,False,False
-0.23942941517085198,0.5634456590437289,-0.6191863792053249,0.4326926046645227,-0.8021135162769325,0.28211687214834275,0.44315511567974014,True,False,False,False,False
1.1702002509444507,0.7233521265849432,1.167203609014755,0.8970008745612325,1.5824671150338723,0.2888816932196249,-0.4130459863473071,False,True,False,False,False
-0.03250091065496652,0.4602886681941948,0.4909063850070794,-0.3376255308042186,-0.2048942240448687,0.19366865939210587,0.12055679851165957,False,False,False,True,False
0.6231336783800367,0.8851320534790683,2.6335899551003066,1.0899330766483428,-0.30371464046499697,0.5157763921153867,0.29310356306557994,False,True,False,False,False
-0.8294900833035062,-1.2166972282220805,-1.008608345623077,-0.9677892644970922,0.8778343311467792,-2.408945425039364,0.17398450634652565,False,False,True,False,False
-1.205301994192207,0.4043047224011341,-0.3890760022749766,-0.9250101899851586,-0.6689207476984321,-1.0776828771251006,1.1205202591902357,True,False,False,False,False
1.2975330029435246,1.2260958193868836,1.6274888997362447,-0.3376255308042186,-0.2048942240448687,1.082733138482635,0.06358646525565192,False,True,False,False,False
0.6436509953697439,0.7359615002047688,2.0446839253552676,1.8921094793294277,-0.2048942240448687,0.7750387526152943,-1.9140186995568742,False,True,False,False,False
-0.2643802991537434,0.4868458786060192,-0.8980237793372977,1.5094069698824217,-0.19200455997374885,0.9231021157686,0.3529376334081329,True,False,False,False,False
0.5948831350235072,1.0210813920468438,1.6913953159502189,-0.3376255308042186,-0.2048942240448687,0.19366865939210587,0.06358646525565192,False,False,False,False,False
1.1440118226240956,0.22568214301705436,-0.12368093379135696,0.588920371245774,1.8789285179505633,-0.6892733535691455,0.19583184515479263,False,True,False,False,False
-1.6441099855339258,-1.7156672525091612,-1.0162302435928492,-0.963389350861187,-1.1200576072808757,-1.857116846891859,-0.6652972280320139,False,False,False,False,False
0.5951926685984591,0.958111368853676,1.4639714269589672,0.9528567128444406,-0.14903918379924455,1.124398585910568,-1.0175299974097602,False,False,False,True,False
-1.4072815012829207,-1.6595174579000709,-1.0133742100689032,-0.9227047997068665,-1.042719853338615,-1.6732760483762799,-1.3337127623803446,False,False,False,False,False
-0.8960948650698284,-0.6046630565385283,-0.37479494973683203,-0.3376255308042186,-0.2134873504985381,0.44571073073535816,-0.7902724145814765,False,False,False,False,False
-0.9452751090924759,-1.047726466298674,-1.0011503488936733,-0.9067140313351733,-0.961085561778904,-2.4105528803992584,0.3060426463158213,False,False,False,True,False
0.7890271556082803,1.2782034746704167,1.5890260404394851,-0.3376255308042186,-0.2048942240448687,2.2908462035128148,0.06358646525565192,False,True,False,False,False
-1.2792270286865974,-0.7270983915808669,-0.9988829133521971,-0.8995944042703847,-0.9224166976124659,-2.1634581807015323,-2.0306990423430213,False,False,False,False,False
0.8026368002004445,0.3098302332048101,0.9323993569474247,0.07689306037190853,0.41380775627444727,-0.5131943109948388,0.06358646525565192,False,True,False,False,False
1.6311755856168089,1.0914596532627372,1.1407215883799273,1.1159270777292403,0.08727059003560331,1.0967384526950732,1.198085836018115,False,True,False,False,False
0.046270074509020306,0.3262896338852907,-0.5679042377907235,-0.5562413520612488,-0.44550053549716667,-0.22872475668463602,0.8310875325407051,False,False,False,False,False
-0.22674758468708603,0.42618314803232427,-0.3752789283593475,-0.43702025617827683,-0.5572106672071838,1.2180541560633205,1.365617327359096,False,False,False,False,True
1.1894806135590363,1.3419137380336599,1.8577931742495368,1.6388988193699972,-0.2048942240448687,0.39874525111243986,-1.1684924780261796,False,True,False,False,False
-1.3163443127212684,-0.8407354712508902,-1.0039948081630936,-0.96437898559703,-1.0856852679271958,-1.019666169353971,0.28571390374839256,False,False,False,False,False
1.2580444636059565,0.9309792807276406,2.067996981398117,0.9252904757425516,0.5384075520555839,-0.01092813161804337,-0.27531091549886666,False,True,False,False,False
-0.5876094565446984,-0.37780911238044285,-0.9843777506814394,-0.7943679794739644,-0.9138235967681808,1.2028640538467412,0.29631421094239285,True,False,False,False,False
0.2953679072403224,1.3218961263911087,0.3322916950793729,-0.3376255308042186,-0.2048942240448687,0.3773808551541683,0.06358646525565192,False,False,False,True,False
1.3729014786324147,0.6102753338242015,0.6562062748045969,0.6849469527901304,1.1785921692433836,-0.01739841373267008,-1.1789124375576896,False,True,False,False,False
-1.6011158899656852,-1.5952848437203626,-1.0184020679568284,-1.0176597651186103,-0.2048942240448687,-1.931170028143323,-0.6717966361490108,False,False,False,False,False
0.6774692099931188,0.5643386163053967,-0.29992013719381394,0.2951466349651652,-0.2048942240448687,0.3918091353899565,0.06358646525565192,False,False,True,False,False
0.11988596873668746,1.0665463402062707,-0.172239516360314,3.4957279507733183,-0.6904034357856842,1.7821770739958256,1.2240363713258373,True,False,False,False,False
0.06627215772085525,0.12892565192980154,-0.46532353852909836,-0.48849989503603397,-0.1447426461817941,1.2388572326261171,1.500061340544898,True,False,False,False,False
0.24103237562724045,-0.2933302972809582,-0.5697334359033555,-0.3109595464332083,0.15171875673489685,-1.187567868810168,0.06358646525565192,False,False,True,False,False
-0.17756734066443744,0.24898852209065017,-0.2883153171078451,0.3251168799866948,-0.3853489576340923,0.9389365494039285,0.8093079676947749,True,False,False,False,False
-1.3876918017474986,-1.6650639092138297,-1.009986038748995,-0.9179548494024514,-1.0985748935842392,-0.7194695260565264,1.2580611978414729,False,False,False,False,False
-0.9822893463715722,-1.3339936817683493,-0.7274053289690559,-0.6551307389030111,-0.35956973192938985,-1.008989154136077,0.7321869421113787,False,False,False,False,False
-0.32881991912831704,0.5752136295793033,0.00932675239633059,-0.6159027161679935,-0.05451525377779799,-0.7029303686574746,1.1450693668021754,True,False,False,False,False
0.6865420441824099,0.4127576620567913,0.16098574441999747,0.10399912886617609,-0.2048942240448687,-0.15818197381845442,0.06358646525565192,False,False,True,False,False
-0.7433988454114503,-1.01373572713558,-0.957118874999004,-0.8000574137987467,-0.6259553203051592,-0.9991091421850274,-0.36855525185111865,False,False,False,False,False
1.2012342366261752,0.17585648962445002,1.4633334725323521,0.4694723771518925,0.8993169167964943,0.500566305522834,-0.9164560453407442,False,True,False,False,False
-1.2449968236950384,-0.7602983091167975,-0.9764211794373603,-0.9489986060802184,-0.90523052153328,0.7972400327489475,1.3798257365141224,False,False,False,False,False
-1.3586166876922603,-0.7062782856672088,-1.021625781542269,-0.3376255308042186,-1.0298302276815716,-2.456078189261777,-2.181055003432085,True,False,False,False,False
0.3893980717021217,0.5089665115990344,-0.5540078616789744,0.12917369911713017,0.24194614913889298,0.4021920069465448,0.06358646525565192,False,False,True,False,False
-1.3591321181242462,-1.4281500914172165,-0.9996657695816569,-0.961547859742331,-1.0856852679271958,-1.7028571413007323,0.09631209937462419,False,False,False,False,False
-0.3423265169649066,0.39337815494981093,-0.7326962322518241,-0.5083096897958038,-0.6603276212447626,0.9625637916262724,0.6258783129852472,False,False,False,False,True
-0.25623527907285076,-0.09400239298199702,-0.6375111070963191,-0.48044343566743836,-0.2994181028475467,1.2626287576508197,0.9965731691880889,True,False,False,False,False
1.4533219985020491,0.8227096718309103,1.6718000652499656,0.4637983893281373,0.6071521539347908,0.6768566115002889,1.2308608647198072,False,True,False,False,False
1.5149777828431996,0.4089329257246804,1.821971963836651,-0.3376255308042186,-0.2048942240448687,0.19366865939210587,0.06358646525565192,False,False,True,False,False
-0.6248297873349442,0.4211084660779441,0.5489003025439797,-0.3376255308042186,-0.2048942240448687,0.19366865939210587,0.06358646525565192,False,False,False,False,True
0.04575464407703411,0.29512951087846395,0.042867934639536844,0.021811805636288203,0.2161668209966533,0.8270149960811952,1.2163227754429038,False,False,False,False,True
1.0590548856598148,1.145429095255238,1.883647141977305,1.1792927386319028,1.2000749597681728,0.9762218608355319,-0.06237891037066681,False,True,False,False,False
0.6374650435694503,-0.2479538666714352,0.009802934170113946,-0.40749775803508315,1.152812943538681,-0.9899342492930507,-0.20211848230856516,False,True,False,False,False
2.441464869282561,1.5624819634282403,1.0868308701134353,-0.3376255308042186,8.22062398268455,0.34550511665090744,-0.7512759658794897,False,True,False,False,False
